book,author,qtype,question,answer
A Time Traveler’s Theory of Relativity,Nicole Valentine,iwb,In which book did the main character’s mother disappear right before their thirteenth birthday?,A Time Traveler’s Theory of Relativity by Nicole Valentine (p. 3)
A Time Traveler’s Theory of Relativity,Nicole Valentine,iwb,"In which book is the “Many Worlds” principle described as other universes pushed up right next to us, almost identical to ours but with small changes?",A Time Traveler’s Theory of Relativity by Nicole Valentine (p. 45)
A Time Traveler’s Theory of Relativity,Nicole Valentine,iwb,In which book does a doctor lie about calling the library to try to locate the main character’s father?,A Time Traveler’s Theory of Relativity by Nicole Valentine (p.92)
A Time Traveler’s Theory of Relativity,Nicole Valentine,iwb,In which book are two friends described as “remainders;” both living an extra careful life so their parents won’t relive the pain of losing a child?,A Time Traveler’s Theory of Relativity by Nicole Valentine (p.107)
A Time Traveler’s Theory of Relativity,Nicole Valentine,iwb,In which book do friends prepare an email for delayed delivery which would explain they were on a mountain search?,A Time Traveler’s Theory of Relativity by Nicole Valentine (p. 108)
A Time Traveler’s Theory of Relativity,Nicole Valentine,iwb,In which book do Initials and their time traveling selves appear to stutter or shimmer if they are in close proximity to each other?,A Time Traveler’s Theory of Relativity by Nicole Valentine (p.118)
A Time Traveler’s Theory of Relativity,Nicole Valentine,iwb,In which book is there a secret society to protect the timeline?,A Time Traveler’s Theory of Relativity by Nicole Valentine (p. 155)
A Time Traveler’s Theory of Relativity,Nicole Valentine,iwb,In which book does a character keep a note in his pocket from his grandmother that reads “I was wrong. Don’t trust anyone?”,A Time Traveler’s Theory of Relativity by Nicole Valentine (p. 72)
A Time Traveler’s Theory of Relativity,Nicole Valentine,iwb,"In which book does ISTA, The International Society for Temporal Adherence, become a problem?",A Time Traveler’s Theory of Relativity by Nicole Valentine (p.116)
A Time Traveler’s Theory of Relativity,Nicole Valentine,iwb,In which book does an unknown character occasionally speak directly to the reader between chapters?,A Time Traveler’s Theory of Relativity by Nicole Valentine (p.185)
A Time Traveler’s Theory of Relativity,Nicole Valentine,iwb,In which book are “nodes’ like knots on a thread where you can grab hold and then jump off; they’re markers and landing points?,A Time Traveler’s Theory of Relativity by Nicole Valentine (p. 203)
A Time Traveler’s Theory of Relativity,Nicole Valentine,iwb,In which book are “imprints” alternative timelines from the “prime imprint” of the original timeline?,A Time Traveler’s Theory of Relativity by Nicole Valentine (p. 208)
A Time Traveler’s Theory of Relativity,Nicole Valentine,iwb,"In which book does the story include multiple universes, each with multiple timelines? ",A Time Traveler’s Theory of Relativity by Nicole Valentine (p. 322)
A Time Traveler’s Theory of Relativity,Nicole Valentine,con,"In A Time Traveler’s Theory of Relativity by Nicole Valentine, why was Finn reluctant to go swimming with his good friend Gabi at the quarry?",It was where his twin sister had drowned. (p. 18)
A Time Traveler’s Theory of Relativity,Nicole Valentine,con,"In A Time Traveler’s Theory of Relativity by Nicole Valentine, Gabi and Finn became friends when she dreamt that he was in trouble and couldn’t get back home. What did she send him?",A ball of sunlight (p. 22)
A Time Traveler’s Theory of Relativity,Nicole Valentine,con,"In A Time Traveler’s Theory of Relativity by Nicole Valentine, who are the two tiny figures in the quarry photo that Finn studies in his father's office?",Finn and Grace (p. 105)
A Time Traveler’s Theory of Relativity,Nicole Valentine,con,"In A Time Traveler’s Theory of Relativity by Nicole Valentine, what gender have the family’s time travelers been?",Female; they have all been women (p. 155)
A Time Traveler’s Theory of Relativity,Nicole Valentine,con,"In A Time Traveler’s Theory of Relativity by Nicole Valentine, Finn’s mother built a portal, a way to reach her in an emergency. What is the portal made from?",A tree (p. 63)
A Time Traveler’s Theory of Relativity,Nicole Valentine,con,"In A Time Traveler’s Theory of Relativity by Nicole Valentine, Finn and Gabi come upon a cabin in the woods. What is nailed above the door?",A rotting animal skull (p. 179)
A Time Traveler’s Theory of Relativity,Nicole Valentine,con,"In A Time Traveler’s Theory of Relativity by Nicole Valentine, who is trying to make decisions about what should be changed in history?",Doc and/or his faction of ISTA (p. 207)
A Time Traveler’s Theory of Relativity,Nicole Valentine,con,"In A Time Traveler’s Theory of Relativity by Nicole Valentine, Finn is told of the most powerful time traveler in their family. Who is it?","Faith, his sister (p. 209)"
A Time Traveler’s Theory of Relativity,Nicole Valentine,con,"In A Time Traveler’s Theory of Relativity by Nicole Valentine, Finn finally finds his mother who then shares her plan with him. Why does resentment explode inside Finn after his mother asks for his help?",His mother never intends to return home with him; she will stay behind to try to raise and teach his sister with love. (p. 219)
A Time Traveler’s Theory of Relativity,Nicole Valentine,con,"In A Time Traveler’s Theory of Relativity by Nicole Valentine, before time traveling to find his sister, Faith, Finn feels in his pocket for his meager arsenal of three objects. What are any two of the three objects?","Gran’s note, the grounding stone, and/or the skeleton key ring (p. 223)"
A Time Traveler’s Theory of Relativity,Nicole Valentine,con,"In A Time Traveler’s Theory of Relativity by Nicole Valentine, Gran tells Finn that time is stubborn, and changing the outcome of time is not about the beat of a wing or catching a later bus. What does Gran say is the key to changing timeline outcomes?","If you want to change time, you must change hearts. It’s about people’s choices to be kind. (p. 324)"
A Time Traveler’s Theory of Relativity,Nicole Valentine,con,"In A Time Traveler’s Theory of Relativity by Nicole Valentine, Gabi finally teases Finn that he should fear and respect her because she is now part machine. Why is she now “part machine?”",Gabi’s serious injuries left her with metal pins inserted into her arm. (p. 327)
A Time Traveler’s Theory of Relativity,Nicole Valentine,con,"In A Time Traveler’s Theory of Relativity by Nicole Valentine, the book closes with Finn mentally connecting with an old woman who is standing in front of a bank. Who is she?","Finn’s sister, Faith (p. 335)"
Before the Ever After,Jacqueline Woodson,iwb,In which book do they visit Village Ice Cream?,Before the Ever After by Jacqueline Woodson (p. 6)
Before the Ever After,Jacqueline Woodson,iwb,"In which book did someone break their arm skateboarding, and who was it?","Before the Ever After, and Daniel, by Jacqueline Woodson (p. 8)"
Before the Ever After,Jacqueline Woodson,iwb,In which book does someone have a bike named Magic Broom?,Before the Ever After by Jacqueline Woodson (p. 14)
Before the Ever After,Jacqueline Woodson,iwb,In which book do they listen to the Beastie Boys after the first day of school? ,Before the Ever After by Jacqueline Woodson (p. 19)
Before the Ever After,Jacqueline Woodson,iwb,"In which book do they have pizza night with extra cheese, extra sausage and lots of olives?",Before the Ever After by Jacqueline Woodson (p. 21)
Before the Ever After,Jacqueline Woodson,iwb,In which book did someone’s grandma lose a leg because of diabetes?,Before the Ever After by Jacqueline Woodson (p. 25)
Before the Ever After,Jacqueline Woodson,iwb,In which book does the character live 8 blocks away from school?,Before the Ever After by Jacqueline Woodson (p. 40)
Before the Ever After,Jacqueline Woodson,iwb,In which book are they doing a puzzle with a Yeti on top of a mountain?,Before the Ever After by Jacqueline Woodson (p. 44)
Before the Ever After,Jacqueline Woodson,iwb,"In which book do they eat breakfast for dinner, pancakes and bacon and scrambled eggs? ",Before the Ever After by Jacqueline Woodson (p. 75)
Before the Ever After,Jacqueline Woodson,iwb,In which book did someone receive a guitar on their seventh birthday?,Before the Ever After by Jacqueline Woodson (p. 78)
Before the Ever After,Jacqueline Woodson,iwb,In which book does someone have a pillow that smells like lavender oil?,Before the Ever After by Jacqueline Woodson (p. 92)
Before the Ever After,Jacqueline Woodson,iwb,In which book is the phrase “I need the trail” used as a code?,Before the Ever After by Jacqueline Woodson (p. 114)
Before the Ever After,Jacqueline Woodson,iwb,In which book do they reference the song “I Wanna Dance With Somebody” by Whitney Houston?,Before the Ever After by Jacqueline Woodson (p. 128)
Before the Ever After,Jacqueline Woodson,con,"In Before the Ever After by Jacqueline Woodson, in what year does the book begin? ","1999 (p. 0, Part 1)"
Before the Ever After,Jacqueline Woodson,con,"In Before the Ever After by Jacqueline Woodson, what is their dad’s nickname?",Zachariah44 (p.4)
Before the Ever After,Jacqueline Woodson,con,"In Before the Ever After by Jacqueline Woodson, how many “pounds of pain” is his father?",Answer: 223 (p. 5)
Before the Ever After,Jacqueline Woodson,con,"In Before the Ever After by Jacqueline Woodson, which friend can divide fractions in their head?",Ollie (p. 14)
Before the Ever After,Jacqueline Woodson,con,"In Before the Ever After by Jacqueline Woodson, what does the note say that was pinned to Ollie when he was abandoned at the church?",Please take care of this baby. And love him like crazy too. (p. 16)
Before the Ever After,Jacqueline Woodson,con,"In Before the Ever After by Jacqueline Woodson, what is the name of the town they live in?",Maplewood (p. 23)
Before the Ever After,Jacqueline Woodson,con,"In Before the Ever After by Jacqueline Woodson, what genre of book does ZJ like to read?",Realistic Fiction (p. 27)
Before the Ever After,Jacqueline Woodson,con,"In Before the Ever After by Jacqueline Woodson, what is the name of Ollie’s mother? ",Bernadette (p. 32)
Before the Ever After,Jacqueline Woodson,con,"In Before the Ever After by Jacqueline Woodson, what color rain boots does Daniel have?",Blue (p. 44)
Before the Ever After,Jacqueline Woodson,con,"In Before the Ever After by Jacqueline Woodson, what did they name the birch tree? ",Sweet Pine (p. 53)
Before the Ever After,Jacqueline Woodson,con,"In Before the Ever After by Jacqueline Woodson, what position does Sightman play? ",Wide Receiver (p. 70)
Before the Ever After,Jacqueline Woodson,con,"In Before the Ever After by Jacqueline Woodson, which birthday are they celebrating for Daniel, when they meet at the skate park?",12 (p.107)
Before the Ever After,Jacqueline Woodson,con,"In Before the Ever After by Jacqueline Woodson, what does ZJ call his dad’s older sister?",Auntie Nan (p. 132)
Circus Mirandus,Cassie Beasley,iwb,"In which book does Big Jean, The World’s Most Intelligent Elephant, solve math problems on a chalkboard?",Circus Mirandus by Cassie Beasley (p. 166)
Circus Mirandus,Cassie Beasley,iwb,In which book is Victoria also known as The Amazing Amazonian Bird Woman?,Circus Mirandus by Cassie Beasley (p. 190)
Circus Mirandus,Cassie Beasley,iwb,"In which book did children chew jelly cubes that lit up whenever they bit down on them, and the candy glowed right through the skin of their cheeks?",Circus Mirandus by Cassie Beasley (p. 157)
Circus Mirandus,Cassie Beasley,iwb,In which book is the music of pipes and drums heard before a magic circus appears? ,Circus Mirandus by Cassie Beasley (p. 149)
Circus Mirandus,Cassie Beasley,iwb,In which book do friends create a school project using knots like an Incan quipu? ,Circus Mirandus by Cassie Beasley (p. 100)
Circus Mirandus,Cassie Beasley,iwb,In which book does a character offer someone a miracle “as long as it is within my power.”?,Circus Mirandus by Cassie Beasley (p. 120)
Circus Mirandus,Cassie Beasley,iwb,In which book is a character called both “Lightbender” and the Man Who Bends Light? ,Circus Mirandus by Cassie Beasley (p. 133)
Circus Mirandus,Cassie Beasley,iwb,In which book does a character twist or yank her braids when she is nervous?,Circus Mirandus by Cassie Beasley (p. 46)
Circus Mirandus,Cassie Beasley,iwb,"In which book is there a menagerie where all of the animals were magical in some way, free from their cages, and very friendly?",Circus Mirandus by Cassie Beasley (p. 164)
Circus Mirandus,Cassie Beasley,iwb,In which book does a breeze blowing through the classroom retie knots to form the message: “Midnight. Follow the wind”?,Circus Mirandus by Cassie Beasley (p. 103)
Circus Mirandus,Cassie Beasley,iwb,In which book does one character try to convince their friend that grandpa’s stories about magic are not real?,Circus Mirandus by Cassie Beasley (p. 52)
Circus Mirandus,Cassie Beasley,iwb,In which book is a family bootlace important to the story?,Circus Mirandus by Cassie Beasley (p. 272)
Circus Mirandus,Cassie Beasley,con,In which book does Gertie jump off a roof believing that Victoria would catch her? ,Circus Mirandus by Cassie Beasley (p. 233)
Circus Mirandus,Cassie Beasley,con,"In Circus Mirandus by Cassie Beasley, what did Ephraim use as an entrance ticket for his first visit to the circus?",A fish (p. 68)
Circus Mirandus,Cassie Beasley,con,"In Circus Mirandus by Cassie Beasley, Ephraim performs the only trick he knows for the Lightbender. What is it?",Ephraim uses his bootlace to tie a knot of great complexity. (p. 118)
Circus Mirandus,Cassie Beasley,con,"In Circus Mirandus by Cassie Beasley, who is the manager of the circus?",Mr. Head (p. 163)
Circus Mirandus,Cassie Beasley,con,"In Circus Mirandus by Cassie Beasley, two of the main characters are a grandfather and grandson. What are their first names?",Ephraim and Micah (p. 178)
Circus Mirandus,Cassie Beasley,con,"In Circus Mirandus by Cassie Beasley, what did Jenny need to do to first see the magic circus?","Just pretend for a second. (and/or) Just say, “It’s a magic circus.” (p. 152)"
Circus Mirandus,Cassie Beasley,con,"In Circus Mirandus by Cassie Beasley, what are the two circus tents that are most intriguing to Ephraim?",The tents of The Bird Woman and The Man Who Bends Light (p. 72)
Circus Mirandus,Cassie Beasley,con,"In Circus Mirandus by Cassie Beasley, who came all the way from Arizona to make sure things were “done correctly” while Grandpa Ephraim was sick?",Aunt Gertrudis (p. 4)
Circus Mirandus,Cassie Beasley,con,"In Circus Mirandus by Cassie Beasley, what type of animal is Chintzy the messenger?",A parrot (p. 81)
Circus Mirandus,Cassie Beasley,con,"In Circus Mirandus by Cassie Beasley, how did Victoria Starling's parents die?",In an airplane accident (p. 140)
Circus Mirandus,Cassie Beasley,con,"In Circus Mirandus by Cassie Beasley, who visited Jenny and Micah in the treehouse, smelling of sewage?",Chintzy the parrot (p. 87)
Circus Mirandus,Cassie Beasley,con,"In Circus Mirandus by Cassie Beasley, Micah teaches Jean something no other elephant knows. What is it?",How to tie knots (p. 168)
Circus Mirandus,Cassie Beasley,con,"In Circus Mirandus by Cassie Beasley, Grandpa Ephraim saved his miracle for his grandson. What was Grandpa Ephraim’s last wish?",For the Lightbender to take Micah to Circus Mirandus (p. 288)
Fifty-Four Things Wrong with Gwendolyn Rogers,Caela Carter,iwb,In which book is there a teacher named Ms. Hayley?,Fifty-Four Things Wrong with Gwendolyn Rogers by Caela Carter (p. 16)
Fifty-Four Things Wrong with Gwendolyn Rogers,Caela Carter,iwb,In which book does the character have a mom named Nina?,Fifty-Four Things Wrong with Gwendolyn Rogers by Caela Carter (p. 18)
Fifty-Four Things Wrong with Gwendolyn Rogers,Caela Carter,iwb,In which book does the character have the nickname Cupcake?,Fifty-Four Things Wrong with Gwendolyn Rogers by Caela Carter (p. 29)
Fifty-Four Things Wrong with Gwendolyn Rogers,Caela Carter,iwb,In which book does their mom sing “Good Night Sweetheart” before bed?,Fifty-Four Things Wrong with Gwendolyn Rogers by Caela Carter (p. 37)
Fifty-Four Things Wrong with Gwendolyn Rogers,Caela Carter,iwb,In which book is there a teacher named Mr. Olsen?,Fifty-Four Things Wrong with Gwendolyn Rogers by Caela Carter (p. 45)
Fifty-Four Things Wrong with Gwendolyn Rogers,Caela Carter,iwb,In which book is there a place called Millington Sables?,Fifty-Four Things Wrong with Gwendolyn Rogers by Caela Carter (p. 63)
Fifty-Four Things Wrong with Gwendolyn Rogers,Caela Carter,iwb,In which book did they throw a milk carton into the ceiling fan and sprayed the whole school?,Fifty-Four Things Wrong with Gwendolyn Rogers by Caela Carter (p. 73)
Fifty-Four Things Wrong with Gwendolyn Rogers,Caela Carter,iwb,In which book does the character eat 11 carrot sticks while waiting?,Fifty-Four Things Wrong with Gwendolyn Rogers by Caela Carter (p. 76)
Fifty-Four Things Wrong with Gwendolyn Rogers,Caela Carter,iwb,In which book is their principal named Principal Dickens?,Fifty-Four Things Wrong with Gwendolyn Rogers by Caela Carter (p. 99)
Fifty-Four Things Wrong with Gwendolyn Rogers,Caela Carter,iwb,In which book do they bury their happy meal toys in the snow?,Fifty-Four Things Wrong with Gwendolyn Rogers by Caela Carter (p. 128)
Fifty-Four Things Wrong with Gwendolyn Rogers,Caela Carter,iwb,In which book is there a map on yellow paper drawn with a pink marker?,Fifty-Four Things Wrong with Gwendolyn Rogers by Caela Carter (p. 131)
Fifty-Four Things Wrong with Gwendolyn Rogers,Caela Carter,iwb,In which book do they receive a purple party invitation with sparkly gold ink? ,Fifty-Four Things Wrong with Gwendolyn Rogers by Caela Carter (p. 144)
Fifty-Four Things Wrong with Gwendolyn Rogers,Caela Carter,iwb,In which book do they play ultimate Uno?,Fifty-Four Things Wrong with Gwendolyn Rogers by Caela Carter (p. 173)
Fifty-Four Things Wrong with Gwendolyn Rogers,Caela Carter,iwb,In which book do they hate mashed potatoes?,Fifty-Four Things Wrong with Gwendolyn Rogers by Caela Carter (p. 208)
Fifty-Four Things Wrong with Gwendolyn Rogers,Caela Carter,iwb,In which book do they play ballet HORSE?,Fifty-Four Things Wrong with Gwendolyn Rogers by Caela Carter (p. 220)
Fifty-Four Things Wrong with Gwendolyn Rogers,Caela Carter,con,"In Fifty-Four Things Wrong with Gwendolyn Rogers by Caela Carter, what is the name of the farm where the horse Summer camp is going to be?",Cruxman Farms (p. 6)
Fifty-Four Things Wrong with Gwendolyn Rogers,Caela Carter,con,"In Fifty-Four Things Wrong with Gwendolyn Rogers by Caela Carter, what color does Gwendolyn associate with the feeling of anger?",Blue (p. 28)
Fifty-Four Things Wrong with Gwendolyn Rogers,Caela Carter,con,"In Fifty-Four Things Wrong with Gwendolyn Rogers by Caela Carter, what does Gwendolyn say that fish oil smells like?",Poison (p. 33)
Fifty-Four Things Wrong with Gwendolyn Rogers,Caela Carter,con,"In Fifty-Four Things Wrong with Gwendolyn Rogers by Caela Carter, what color is Tyler’s backpack?",Purple (p. 43)
Fifty-Four Things Wrong with Gwendolyn Rogers,Caela Carter,con,"In Fifty-Four Things Wrong with Gwendolyn Rogers by Caela Carter, what is the name of Gwendolyn’s school?",Banneker Charter Middle School (p. 83)
Fifty-Four Things Wrong with Gwendolyn Rogers,Caela Carter,con,"In Fifty-Four Things Wrong with Gwendolyn Rogers by Caela Carter, what topic do Thais and Gwendolyn chose to study for their project?",Dolphin (p. 49)
Fifty-Four Things Wrong with Gwendolyn Rogers,Caela Carter,con,"In Fifty-Four Things Wrong with Gwendolyn Rogers by Caela Carter, during her 3rd grade assessment what does the color green signify?",That she’s exceeding (p. 57)
Fifty-Four Things Wrong with Gwendolyn Rogers,Caela Carter,con,"In Fifty-Four Things Wrong with Gwendolyn Rogers by Caela Carter, what color is Tyler’s laptop?",Blue (p. 86)
Fifty-Four Things Wrong with Gwendolyn Rogers,Caela Carter,con,"In Fifty-Four Things Wrong with Gwendolyn Rogers by Caela Carter, what is the name of Hettie’s brother?",Nolan (p. 104)
Fifty-Four Things Wrong with Gwendolyn Rogers,Caela Carter,con,"In Fifty-Four Things Wrong with Gwendolyn Rogers by Caela Carter, what is Gwendolyn’s higher power?",Confidence (p. 141)
Fifty-Four Things Wrong with Gwendolyn Rogers,Caela Carter,con,"In Fifty-Four Things Wrong with Gwendolyn Rogers by Caela Carter, what is Thais’ last name? ",Gonzalez (p. 144)
Fifty-Four Things Wrong with Gwendolyn Rogers,Caela Carter,con,"In Fifty-Four Things Wrong with Gwendolyn Rogers by Caela Carter, what is the grand prize that Gwendolyn wins in Mr. Olsen’s class?",A Rubik’s Cube (p. 205)
Fifty-Four Things Wrong with Gwendolyn Rogers,Caela Carter,con,"In Fifty-Four Things Wrong with Gwendolyn Rogers by Caela Carter, what is Hettie’s response to Gwendolyn’s text “U WERE RITE! I’ll be at camp!”",I (heart emoji) you (p. 255)
Fifty-Four Things Wrong with Gwendolyn Rogers,Caela Carter,con,"In Fifty-Four Things Wrong with Gwendolyn Rogers by Caela Carter, what color glasses does Marty’s mom have?",Pink (p. 261)
Fifty-Four Things Wrong with Gwendolyn Rogers,Caela Carter,con,"In Fifty-Four Things Wrong with Gwendolyn Rogers by Caela Carter, what does the flag say hanging in Marty’s room?",PRIDE (p. 262)
Fifty-Four Things Wrong with Gwendolyn Rogers,Caela Carter,con,"In Fifty-Four Things Wrong with Gwendolyn Rogers by Caela Carter, what is Hettie’s last name?",McFee (p. 295)
Fifty-Four Things Wrong with Gwendolyn Rogers,Caela Carter,con,"In Fifty-Four Things Wrong with Gwendolyn Rogers by Caela Carter, what is the first item on the Awesome Things About Ryler Rogers list?",Does the best tightest braids (p. 309)
Frizzy,Claribel A. Ortega and Rose Bousamra,iwb,In which book is a Sunday trip to the hair salon a weekly family tradition?,Frizzy by Claribel A. Ortega and Rose Bousamra (p. 16)
Frizzy,Claribel A. Ortega and Rose Bousamra,iwb,In which book do two girls end up crying together in a closet because they don’t compare well to Diana?,Frizzy by Claribel A. Ortega and Rose Bousamra (p. 34)
Frizzy,Claribel A. Ortega and Rose Bousamra,iwb,In which book does the main character say they don’t want to see family sometimes because they are worried they will make fun of them?,Frizzy by Claribel A. Ortega and Rose Bousamra (p. 51)
Frizzy,Claribel A. Ortega and Rose Bousamra,iwb,"In which book does the main character wonder if they could make their hair be “what it was supposed to be,” then people would let them be themself?",Frizzy by Claribel A. Ortega and Rose Bousamra (p. 63)
Frizzy,Claribel A. Ortega and Rose Bousamra,iwb,"In which book is someone teased by being told they look like they got electrocuted, and they look like Chewbacca?",Frizzy by Claribel A. Ortega and Rose Bousamra (p.84-85)
Frizzy,Claribel A. Ortega and Rose Bousamra,iwb,In which book does a mother say that straightened hair makes it easier to fit in and looks more professional?,Frizzy by Claribel A. Ortega and Rose Bousamra (p.132)
Frizzy,Claribel A. Ortega and Rose Bousamra,iwb,In which book do we learn that the main character’s mother was bullied about her own appearance in her youth?,Frizzy by Claribel A. Ortega and Rose Bousamra (p.147)
Frizzy,Claribel A. Ortega and Rose Bousamra,iwb,In which book does a character and their aunt share “wash day 101” together?,Frizzy by Claribel A. Ortega and Rose Bousamra (p. 154)
Frizzy,Claribel A. Ortega and Rose Bousamra,iwb,In which book does a mother sit down on the kitchen floor with her daughter to have a serious talk about feelings?,Frizzy by Claribel A. Ortega and Rose Bousamra (p. 197)
Frizzy,Claribel A. Ortega and Rose Bousamra,iwb,In which book do friends watch video tutorials for styling advice?,Frizzy by Claribel A. Ortega and Rose Bousamra (p. 51)
Frizzy,Claribel A. Ortega and Rose Bousamra,iwb,In which book does a chicken named Cantinflas warm up to the main character?,Frizzy by Claribel A. Ortega and Rose Bousamra (p. 146)
Frizzy,Claribel A. Ortega and Rose Bousamra,iwb,In which book does someone distract herself at the salon by pretending she is like Dulce Maria from the Super Amigas?,Frizzy by Claribel A. Ortega and Rose Bousamra (p. 8)
Frizzy,Claribel A. Ortega and Rose Bousamra,iwb,"In which book does a best friend say, “You know I love your curls! But it doesn’t make a difference what you look like to me. I just want you to be happy.”?",Frizzy by Claribel A. Ortega and Rose Bousamra (p. 56)
Frizzy,Claribel A. Ortega and Rose Bousamra,con,"In Frizzy by Claribel A. Ortega and Rose Bousamra, the book opens with an extra visit to the hair salon to prepare for a special occasion. What is the occasion?",Marlene’s cousin’s quince. (p. 4)
Frizzy,Claribel A. Ortega and Rose Bousamra,con,"In Frizzy by Claribel A. Ortega and Rose Bousamra, before “picture time” at the quince, Mami scolds Marlene and asks her “What happened to your hair?” How does Marlene respond?",She says “ I was sweating.” (p. 39)
Frizzy,Claribel A. Ortega and Rose Bousamra,con,"In Frizzy by Claribel A. Ortega and Rose Bousamra, what is Marlene’s favorite class at school?",Art (p. 87)
Frizzy,Claribel A. Ortega and Rose Bousamra,con,"In Frizzy by Claribel A. Ortega and Rose Bousamra, what do kids in her class stick in Marlene’s hair?",Tape (p. 104)
Frizzy,Claribel A. Ortega and Rose Bousamra,con,"In Frizzy by Claribel A. Ortega and Rose Bousamra, while visiting Marlene’s home, cousin Diana says “I am so glad I have...you know...” What is she glad to have?",“Good Hair” (p. 114)
Frizzy,Claribel A. Ortega and Rose Bousamra,con,"In Frizzy by Claribel A. Ortega and Rose Bousamra, how does Marlene describe her ears after her mom braids her hair?",as “Satellites (pgs. 73 and 127)
Frizzy,Claribel A. Ortega and Rose Bousamra,con,"In Frizzy by Claribel A. Ortega and Rose Bousamra, where is Tia Ruby’s garden?",On the roof (p. 145)
Frizzy,Claribel A. Ortega and Rose Bousamra,con,"In Frizzy by Claribel A. Ortega and Rose Bousamra, when Marlene asks “Why don’t we like our own hair?”, how does Tia Ruby respond?",She says “Because of something called anti-Blackness” (p. 150)
Frizzy,Claribel A. Ortega and Rose Bousamra,con,"In Frizzy by Claribel A. Ortega and Rose Bousamra, what do Marlene and Ruby eat while waiting for Marlene’s hair to dry?",Pizza (p. 169)
Frizzy,Claribel A. Ortega and Rose Bousamra,con,"In Frizzy by Claribel A. Ortega and Rose Bousamra, after Marlene lets her hair go more natural, who is the next person who stops straightening their naturally curly hair?",Marlene’s mother (p. 207)
Frizzy,Claribel A. Ortega and Rose Bousamra,con,"In Frizzy by Claribel A. Ortega and Rose Bousamra, Marlene says her house is like every house, except their furniture is really big, and they have a lot of pictures of someone. Who do they have a lot of pictures of?",Jesus (p. 65)
Frizzy,Claribel A. Ortega and Rose Bousamra,con,"In Frizzy by Claribel A. Ortega and Rose Bousamra, during wash day 101, what comes after the product part, and before the waiting for hair to dry? You flip your hair over and do what?",“Scrunch” (p. 168)
Frizzy,Claribel A. Ortega and Rose Bousamra,con,"In Frizzy by Claribel A. Ortega and Rose Bousamra, the “reveal station” is also known as what?",The mirror (p. 172)
J.D. and the Great Barber Battle,J. Dillard,iwb,In which book does a character quit their job at the hospital because they hate that everybody isn’t treated the same?,J.D. and the Great Barber Battle by J. Dillard (p. 11)
J.D. and the Great Barber Battle,J. Dillard,iwb,In which book did a character have the nickname “Cheetah” as a kid?,J.D. and the Great Barber Battle by J. Dillard (p. 13)
J.D. and the Great Barber Battle,J. Dillard,iwb,"In which book does a character live with their brother, sister, mom, and two grandparents in a house built in the 1930s?",J.D. and the Great Barber Battle by J. Dillard (p. 13)
J.D. and the Great Barber Battle,J. Dillard,iwb,In which book is a character a third grader at Douglass Elementary?,J.D. and the Great Barber Battle by J. Dillard (p. 14)
J.D. and the Great Barber Battle,J. Dillard,iwb,In which book does a girl character anchor the boys’ 4x100 relay track team?,J.D. and the Great Barber Battle by J. Dillard (p. 22)
J.D. and the Great Barber Battle,J. Dillard,iwb,In which book is a character told to take off their hat on the first day of school? ,J.D. and the Great Barber Battle by J. Dillard (p. 24)
J.D. and the Great Barber Battle,J. Dillard,iwb,In which book does a character want to look like football star Patrick Mahomes? ,J.D. and the Great Barber Battle by J. Dillard (p. 29)
J.D. and the Great Barber Battle,J. Dillard,iwb,In which book does a character put a relaxer in their hair to straighten it?,J.D. and the Great Barber Battle by J. Dillard (p. 34)
J.D. and the Great Barber Battle,J. Dillard,iwb,In which book can a character afford to buy thirty pieces of ten-cent candy from the candy store?,J.D. and the Great Barber Battle by J. Dillard (p. 52)
J.D. and the Great Barber Battle,J. Dillard,iwb,In which book does a character get a visit from the County Health Inspector?,J.D. and the Great Barber Battle by J. Dillard (p. 69)
J.D. and the Great Barber Battle,J. Dillard,iwb,In which book does a character invite the whole town to a special competition?,J.D. and the Great Barber Battle by J. Dillard (p. 79)
J.D. and the Great Barber Battle,J. Dillard,iwb,In which book does a character teach ceramics classes?,J.D. and the Great Barber Battle by J. Dillard (p. 86)
J.D. and the Great Barber Battle,J. Dillard,iwb,In which book does a character rent a chair in a shop on weekends?,J.D. and the Great Barber Battle by J. Dillard (p. 117)
J.D. and the Great Barber Battle,J. Dillard,con,"In J.D. and the Great Barber Battle by J. Dillard, how old are the Jones kids when they usually get their first haircut?",Nine (p. 7)
J.D. and the Great Barber Battle,J. Dillard,con,"In J.D. and the Great Barber Battle by J. Dillard, name two of the three kids’ haircuts offered at Hart and Son Barbershop.","Baldie, Cesar, fade (p. 9)"
J.D. and the Great Barber Battle,J. Dillard,con,"In J.D. and the Great Barber Battle by J. Dillard, when J.D. asks his mom for a haircut before the first day of school, whose picture does he show her for inspiration?",Michael B. Jordan (p. 10)
J.D. and the Great Barber Battle,J. Dillard,con,"In J.D. and the Great Barber Battle by J. Dillard, what was the name of the college where J.D.’s parents met as track stars?",Mississippi Valley State (p. 13)
J.D. and the Great Barber Battle,J. Dillard,con,"In J.D. and the Great Barber Battle by J. Dillard, name the town and state where J.D. lives.","Meridian, Mississippi (p. 13)"
J.D. and the Great Barber Battle,J. Dillard,con,"In J.D. and the Great Barber Battle by J. Dillard, what business did J.D.’s grandfather go into after retiring from running the local JCPenney?",Burial insurance (p. 17)
J.D. and the Great Barber Battle,J. Dillard,con,"In J.D. and the Great Barber Battle by J. Dillard, what is the first and last name of the only girl on J.D.’s peewee football team?",Jessyka Fleet (p. 22-23)
J.D. and the Great Barber Battle,J. Dillard,con,"In J.D. and the Great Barber Battle by J. Dillard, what does it mean for Jordan’s family to be “Creasters?”",They only go to church on Christmas and Easter (p. 27)
J.D. and the Great Barber Battle,J. Dillard,con,"In J.D. and the Great Barber Battle by J. Dillard, who is on the cover of the Madden NFL 20 video game?",Patrick Mahomes (p. 29)
J.D. and the Great Barber Battle,J. Dillard,con,"In J.D. and the Great Barber Battle by J. Dillard, how much does a kids’ haircut cost at Hart and Son Barbershop?",$7.50 (p. 30)
J.D. and the Great Barber Battle,J. Dillard,con,"In J.D. and the Great Barber Battle by J. Dillard, what type of cream does J.D.’s mom use monthly to straighten her hair?",Relaxer (p. 32)
J.D. and the Great Barber Battle,J. Dillard,con,"In J.D. and the Great Barber Battle by J. Dillard, how old is Justin when J.D. cuts his hair for the first time?",Three (p. 41)
J.D. and the Great Barber Battle,J. Dillard,con,"In J.D. and the Great Barber Battle by J. Dillard, when J.D. cuts Jordan’s hair for the first time, what two images does he shave into the haircut?","Jumpman, Chicago Bulls logo (p. 51)"
J.D. and the Great Barber Battle,J. Dillard,con,"In J.D. and the Great Barber Battle by J. Dillard, how much does J.D. charge his friends for haircuts when he first starts his business?",$3.00 (p. 52)
J.D. and the Great Barber Battle,J. Dillard,con,"In J.D. and the Great Barber Battle by J. Dillard, what is the name of the County Health Inspector?",Robert Victor (p. 69)
J.D. and the Great Barber Battle,J. Dillard,con,"In J.D. and the Great Barber Battle by J. Dillard, what does J.D. buy with his earnings?",A new video game console (p. 73)
J.D. and the Great Barber Battle,J. Dillard,con,"In J.D. and the Great Barber Battle by J. Dillard, what is the first of three hairstyles the contestants have to cut in the Great Barber Battle?",A fade (p. 101)
Just Jerry: How Drawing Shaped My Life,Jerry Pinkney,iwb,In which book is the design and writing meant to be friendly to readers with dyslexia?,Just Jerry: How Drawing Shaped My Life by Jerry Pinkney (p.editor’s note)
Just Jerry: How Drawing Shaped My Life,Jerry Pinkney,iwb,In which book does a street dead-end at the St. Luke’s Epicopal Church Cemetery? ,Just Jerry: How Drawing Shaped My Life by Jerry Pinkney (p. 7)
Just Jerry: How Drawing Shaped My Life,Jerry Pinkney,iwb,In which book is a sister mad about a drawing of her napping when she was supposed to be watching her siblings?,Just Jerry: How Drawing Shaped My Life by Jerry Pinkney (p. 12)
Just Jerry: How Drawing Shaped My Life,Jerry Pinkney,iwb,In which book does someone get teased for having a “nickname” and no middle name? ,Just Jerry: How Drawing Shaped My Life by Jerry Pinkney (p. 13)
Just Jerry: How Drawing Shaped My Life,Jerry Pinkney,iwb,In which book does someone find relief from a busy household by drawing on the wall beside their bed?,Just Jerry: How Drawing Shaped My Life by Jerry Pinkney (p. 36)
Just Jerry: How Drawing Shaped My Life,Jerry Pinkney,iwb,In which book does someone rely on reading their friends lips as they read out loud from Western movie posters?,Just Jerry: How Drawing Shaped My Life by Jerry Pinkney (p. 49)
Just Jerry: How Drawing Shaped My Life,Jerry Pinkney,iwb,"In which book do the kids build a clubhouse using old fence slats, bricks for the floor and a car window?",Just Jerry: How Drawing Shaped My Life by Jerry Pinkney (p.60)
Just Jerry: How Drawing Shaped My Life,Jerry Pinkney,iwb,In which book does a mother keep her kid’s dinner warm by covering it with an upside down plate and setting it on top of a pot of water on a low flame?,Just Jerry: How Drawing Shaped My Life by Jerry Pinkney (p. 74)
Just Jerry: How Drawing Shaped My Life,Jerry Pinkney,iwb,In which book does someone get in trouble for wanting to see the Steel Pier High-Diving Horses?,Just Jerry: How Drawing Shaped My Life by Jerry Pinkney (p. 84)
Just Jerry: How Drawing Shaped My Life,Jerry Pinkney,iwb,In which book does someone accidentally kill a small bird with their bow and arrow?,Just Jerry: How Drawing Shaped My Life by Jerry Pinkney (p. 98)
Just Jerry: How Drawing Shaped My Life,Jerry Pinkney,iwb,In which book does someone consider their work helping to paint hex signs as great training?,Just Jerry: How Drawing Shaped My Life by Jerry Pinkney (p. 125)
Just Jerry: How Drawing Shaped My Life,Jerry Pinkney,iwb,In which book does someone drop out of college and get a job at a florist’s shop delivering flowers?,Just Jerry: How Drawing Shaped My Life by Jerry Pinkney (p. 133)
Just Jerry: How Drawing Shaped My Life,Jerry Pinkney,iwb,"In which book does a museum purchase an original oil painting to hang in its collection, and give a shout out to the artist on their 81st birthday?",Just Jerry: How Drawing Shaped My Life by Jerry Pinkney (p. 141)
Just Jerry: How Drawing Shaped My Life,Jerry Pinkney,con,"In Just Jerry: How Drawing Shaped My Life by Jerry Pinkney, Jerry’s favorite place to draw in his crowded home is where?",Under the upright piano keyboard (p. 29)
Just Jerry: How Drawing Shaped My Life,Jerry Pinkney,con,"In Just Jerry: How Drawing Shaped My Life by Jerry Pinkney, Jerry finds a stash of what kind of magazines in a wardrobe full of bed linens? What was the main topic of those magazines?",Life magazine. World War II (p. 34)
Just Jerry: How Drawing Shaped My Life,Jerry Pinkney,con,"In Just Jerry: How Drawing Shaped My Life by Jerry Pinkney, Jerry’s mother gives him something to calm his stomach before going to school. What is it?",Tums (p. 46)
Just Jerry: How Drawing Shaped My Life,Jerry Pinkney,con,"In Just Jerry: How Drawing Shaped My Life by Jerry Pinkney, a teacher asks Jerry to help with a school wide unit about safety by doing what?",Drawing a fire engine on the chalkboard (p. 53)
Just Jerry: How Drawing Shaped My Life,Jerry Pinkney,con,"In Just Jerry: How Drawing Shaped My Life by Jerry Pinkney, the boys ride their bikes to the Ben Franklin Bridge which crosses which river?",The Delaware (p. 68)
Just Jerry: How Drawing Shaped My Life,Jerry Pinkney,con,"In Just Jerry: How Drawing Shaped My Life by Jerry Pinkney, what color are the police cars in Philadelphia?",Fire-engine red (p. 73)
Just Jerry: How Drawing Shaped My Life,Jerry Pinkney,con,"In Just Jerry: How Drawing Shaped My Life by Jerry Pinkney, the family goes to the Jersey Shore for vacation. What is the name of the Black section of beach?",Chicken Bone Beach (p. 79)
Just Jerry: How Drawing Shaped My Life,Jerry Pinkney,con,"In Just Jerry: How Drawing Shaped My Life by Jerry Pinkney, Jerry and his friends would offer shoe-shines outside of Woolworth five-and-dime. How much did they charge?",Fifteen cents (p. 107)
Just Jerry: How Drawing Shaped My Life,Jerry Pinkney,con,"In Just Jerry: How Drawing Shaped My Life by Jerry Pinkney, Jerry finds the perfect still life in a shop window. What is in the shop window?",Headless mannequins in wedding dresses (p. 117)
Just Jerry: How Drawing Shaped My Life,Jerry Pinkney,con,"In Just Jerry: How Drawing Shaped My Life by Jerry Pinkney, Jerry meets a real artist while selling newspapers. What is the artist’s name and what does he draw to make a living?",John Liney. A comic strip named HENRY. (p. 120)
Just Jerry: How Drawing Shaped My Life,Jerry Pinkney,con,"In Just Jerry: How Drawing Shaped My Life by Jerry Pinkney, what is the subject of Jerry’s first oil painting?",Jesus praying at a rock (p. 127)
Just Jerry: How Drawing Shaped My Life,Jerry Pinkney,con,"In Just Jerry: How Drawing Shaped My Life by Jerry Pinkney, Jerry goes to Murrell Dobbins Vocational High School to study what?",Commercial art (p. 128)
Just Jerry: How Drawing Shaped My Life,Jerry Pinkney,con,"In Just Jerry: How Drawing Shaped My Life by Jerry Pinkney, the Philadelphia Museum of Art mounts a solo exhibition of Jerry’s work. What is the name of the exhibit?",Witness: The Art of Jerry Pinkney (p. 129)
Leonard (My Life as a Cat),Carlie Sorosiak,iwb,"In which book does the character say “I’m a Girl Scout, and I’m here to save you”? ",Leonard (My Life as a Cat) by Carlie Sorosiak (p. 12)
Leonard (My Life as a Cat),Carlie Sorosiak,iwb,In which book do they have curtains that are tan colored?,Leonard (My Life as a Cat) by Carlie Sorosiak (p. 25)
Leonard (My Life as a Cat),Carlie Sorosiak,iwb,In which book is there a turtle night-light?,Leonard (My Life as a Cat) by Carlie Sorosiak (p. 27)
Leonard (My Life as a Cat),Carlie Sorosiak,iwb,In which book was there a packet of coupons for jumbo shrimp and other “sea delights”?,Leonard (My Life as a Cat) by Carlie Sorosiak (p. 32)
Leonard (My Life as a Cat),Carlie Sorosiak,iwb,In which book do they plan to blame the shredding of the letters on the birds?,Leonard (My Life as a Cat) by Carlie Sorosiak (p. 38)
Leonard (My Life as a Cat),Carlie Sorosiak,iwb,"In which book do they have Coco Pops, Froot Loops and Cinnamon Toast Crunch cereal?",Leonard (My Life as a Cat) by Carlie Sorosiak (p. 41)
Leonard (My Life as a Cat),Carlie Sorosiak,iwb,In which book do they own a backpack shaped like a turtle’s shell?,Leonard (My Life as a Cat) by Carlie Sorosiak (p. 47)
Leonard (My Life as a Cat),Carlie Sorosiak,iwb,In which book are they warned to not try the clam flavored ice cream?,Leonard (My Life as a Cat) by Carlie Sorosiak (p. 56)
Leonard (My Life as a Cat),Carlie Sorosiak,iwb,In which book is there a stuffed animal horse named Mr. Stickhorse?,Leonard (My Life as a Cat) by Carlie Sorosiak (p. 63)
Leonard (My Life as a Cat),Carlie Sorosiak,iwb,In which book do they have a box of crayons with ninety-six colors?,Leonard (My Life as a Cat) by Carlie Sorosiak (p. 87)
Leonard (My Life as a Cat),Carlie Sorosiak,iwb,In which book did they want to rename golf carts “Danger Mobiles”?,Leonard (My Life as a Cat) by Carlie Sorosiak (p. 90)
Leonard (My Life as a Cat),Carlie Sorosiak,iwb,In which book did they go see The Wizard of Oz?,Leonard (My Life as a Cat) by Carlie Sorosiak (p. 127)
Leonard (My Life as a Cat),Carlie Sorosiak,iwb,In which book did they order a chocolate-cherry ice cream cone?,Leonard (My Life as a Cat) by Carlie Sorosiak (p. 132)
Leonard (My Life as a Cat),Carlie Sorosiak,iwb,In which book is someone’s scent identified as cinnamon toast and raspberry shampoo? ,Leonard (My Life as a Cat) by Carlie Sorosiak (p. 146)
Leonard (My Life as a Cat),Carlie Sorosiak,iwb,In which book did someone become mildly obsessed with Hungry Hungry Hippos?,Leonard (My Life as a Cat) by Carlie Sorosiak (p. 147)
Leonard (My Life as a Cat),Carlie Sorosiak,iwb,In which book did they get a wild-cherry slurpee?,Leonard (My Life as a Cat) by Carlie Sorosiak (p. 186)
Leonard (My Life as a Cat),Carlie Sorosiak,iwb,In which book did they attend a Science Explorers camp?,Leonard (My Life as a Cat) by Carlie Sorosiak (p. 204)
Leonard (My Life as a Cat),Carlie Sorosiak,iwb,"In which book does their mom make pancakes on Christmas morning, sometimes with strawberries in them?",Leonard (My Life as a Cat) by Carlie Sorosiak (p. 241)
Leonard (My Life as a Cat),Carlie Sorosiak,con,"In Leonard (My Life as a Cat) by Carlie Sorosiak, what flavor are the crunchies first fed to Leonard?",Trout flavored (p. 3)
Leonard (My Life as a Cat),Carlie Sorosiak,con,"In Leonard (My Life as a Cat) by Carlie Sorosiak, according to Leonard’s joke, how many park rangers does it take to change a light bulb?",Twenty-two (p. 7)
Leonard (My Life as a Cat),Carlie Sorosiak,con,"In Leonard (My Life as a Cat) by Carlie Sorosiak, how tall is Earth’s largest flower? ",Over nine feet tall (p. 21)
Leonard (My Life as a Cat),Carlie Sorosiak,con,"In Leonard (My Life as a Cat) by Carlie Sorosiak, what is the name for a group of cats?",A clowder (p. 25)
Leonard (My Life as a Cat),Carlie Sorosiak,con,"In Leonard (My Life as a Cat) by Carlie Sorosiak, how long can alpine swifts fly without stopping?",Six months (p. 30)
Leonard (My Life as a Cat),Carlie Sorosiak,con,"In Leonard (My Life as a Cat) by Carlie Sorosiak, what are the mountains made of on Leonard’s home planet?",Crystals (p. 34)
Leonard (My Life as a Cat),Carlie Sorosiak,con,"In Leonard (My Life as a Cat) by Carlie Sorosiak, which friend of Olive’s owns a family farm?",Hazel (p. 42)
Leonard (My Life as a Cat),Carlie Sorosiak,con,"In Leonard (My Life as a Cat) by Carlie Sorosiak, how many stingrays are at the aquarium?",Three (p. 48)
Leonard (My Life as a Cat),Carlie Sorosiak,con,"In Leonard (My Life as a Cat) by Carlie Sorosiak, what are the two sharks named at the aquarium?",Steve and Martin (p. 57)
Leonard (My Life as a Cat),Carlie Sorosiak,con,"In Leonard (My Life as a Cat) by Carlie Sorosiak, how many days does the average human live for?","28,835 (p. 68)"
Leonard (My Life as a Cat),Carlie Sorosiak,con,"In Leonard (My Life as a Cat) by Carlie Sorosiak, what percentage of Antarctic ice is made from penguin urine?",Three percent (p. 91)
Leonard (My Life as a Cat),Carlie Sorosiak,con,"In Leonard (My Life as a Cat) by Carlie Sorosiak, what is the first message that Leonard types to Olive?","hello olive, it is me leonard i am an alien do not be scared. (p. 98)"
Leonard (My Life as a Cat),Carlie Sorosiak,con,"In Leonard (My Life as a Cat) by Carlie Sorosiak, how old is Olive?",Eleven (p. 108)
Leonard (My Life as a Cat),Carlie Sorosiak,con,"In Leonard (My Life as a Cat) by Carlie Sorosiak, what is the date of Norma’s Save the Sea Turtles event?",July eighteenth (p. 111)
Leonard (My Life as a Cat),Carlie Sorosiak,con,"In Leonard (My Life as a Cat) by Carlie Sorosiak, what color is Olive’s beach towel?",Green (p.182)
Leonard (My Life as a Cat),Carlie Sorosiak,con,"In Leonard (My Life as a Cat) by Carlie Sorosiak, what year was Q’s Winnebago? ",Nineteen sixty-nine (p. 183)
Leonard (My Life as a Cat),Carlie Sorosiak,con,"In Leonard (My Life as a Cat) by Carlie Sorosiak, according to Norma, what's the name of the cafe that makes biscuits that are an educational experience?",Tupelo Honey cafe (p. 187)
Leonard (My Life as a Cat),Carlie Sorosiak,con,"In Leonard (My Life as a Cat) by Carlie Sorosiak, how far away from Old Faithful were they when the Winnebago broke down?",Fifteen Miles (p.211)
Marshmallow & Jordan,Alina Chau,iwb,In which book does the story begin during monsoon rains and thunderstorms? ,Marshmallow & Jordan by Alina Chau (p. 1)
Marshmallow & Jordan,Alina Chau,iwb,In which book does the team captain stand in for her basketball coach when he has to leave early?,Marshmallow & Jordan by Alina Chau (p. 10)
Marshmallow & Jordan,Alina Chau,iwb,In which book does someone use a scooter to give assistance to someone with an injured leg?,Marshmallow & Jordan by Alina Chau (p. 23)
Marshmallow & Jordan,Alina Chau,iwb,In which book does someone change out of their tennis shoes into flip flops when they get home from work?,Marshmallow & Jordan by Alina Chau (p. 39)
Marshmallow & Jordan,Alina Chau,iwb,In which book are the students studying the Pacific Rim of Fire?,Marshmallow & Jordan by Alina Chau (p. 66)
Marshmallow & Jordan,Alina Chau,iwb,In which book does a student fall asleep in class because they stayed up late playing Star Wars: Battlefront?,Marshmallow & Jordan by Alina Chau (p. 71)
Marshmallow & Jordan,Alina Chau,iwb,In which book does an elephant join a basketball team?,Marshmallow & Jordan by Alina Chau (p. 84)
Marshmallow & Jordan,Alina Chau,iwb,In which book does the main character admire a Golden State Warrior basketball player?,Marshmallow & Jordan by Alina Chau (p. 89)
Marshmallow & Jordan,Alina Chau,iwb,In which book does a character dig a pool in the middle of the night?,Marshmallow & Jordan by Alina Chau (p. 117)
Marshmallow & Jordan,Alina Chau,iwb,In which book does a main character rediscover swimming as an enjoyable activity? ,Marshmallow & Jordan by Alina Chau (p. 127)
Marshmallow & Jordan,Alina Chau,iwb,In which book does someone overhear a conversation about herself while she’s in the girls’ restroom?,Marshmallow & Jordan by Alina Chau (p. 225)
Marshmallow & Jordan,Alina Chau,iwb,In which book does the basketball team travel to another team’s game?,Marshmallow & Jordan by Alina Chau (p. 252)
Marshmallow & Jordan,Alina Chau,iwb,In which book does someone love pineapple Cold Whip with extra coconut topping? ,Marshmallow & Jordan by Alina Chau (p. 347)
Marshmallow & Jordan,Alina Chau,con,"In Marshmallow & Jordan by Alina Chau, Jordan has two favorite basketball players. Who are they?",Michael Jordan and Steph Curry (p. 88)
Marshmallow & Jordan,Alina Chau,con,"In Marshmallow & Jordan by Alina Chau, Hans brings smoothies for his sister and friend. What kind are they?",Avocado and chocolate (p. 12)
Marshmallow & Jordan,Alina Chau,con,"In Marshmallow & Jordan by Alina Chau, Jordan hears something whimpering in the playground on the way home from school. What is it?",A white elephant (p. 19)
Marshmallow & Jordan,Alina Chau,con,"In Marshmallow & Jordan by Alina Chau, Jordan prays to an elephant god to watch over her elephant friend. What is the name of the god?",Lord Ganesh (p. 55)
Marshmallow & Jordan,Alina Chau,con,"In Marshmallow & Jordan by Alina Chau, what is the first name that Jordan suggests for her elephant?",Cotton Puff (p. 58)
Marshmallow & Jordan,Alina Chau,con,"In Marshmallow & Jordan by Alina Chau, who is Jordan named for?",Michael Jordan (p. 88)
Marshmallow & Jordan,Alina Chau,con,"In Marshmallow & Jordan by Alina Chau, Jordan’s dad pretends to be shopping for Nanek’s sewing club. What are two of the things he buys?",Mango and durian (p. 133)
Marshmallow & Jordan,Alina Chau,con,"In Marshmallow & Jordan by Alina Chau, Jordan’s basketball coach recommends that she try out for what other school athletic team?",Water polo (p. 154)
Marshmallow & Jordan,Alina Chau,con,"In Marshmallow & Jordan by Alina Chau, why does Jordan miss the basketball team’s first game?",She has to stay late at water polo practice (p. 209)
Marshmallow & Jordan,Alina Chau,con,"In Marshmallow & Jordan by Alina Chau, Kemala is afraid she will lose her scholarship. Why does she need it so badly?",Their farm isn’t doing well because of the drought (p. 224)
Marshmallow & Jordan,Alina Chau,con,"In Marshmallow & Jordan by Alina Chau, in the last 10 seconds of the water polo game who scores?",Jordan (p. 293)
Marshmallow & Jordan,Alina Chau,con,"In Marshmallow & Jordan by Alina Chau, it turns out that the elephant is not an elephant. What is it?",A regional rain cloud (p. 340)
Sam Makes a Splash,Nicole Melleby,iwb,"In which book does someone use a white-noise machine, and what is their name?","Sam Makes a Splash by Nicole Melleby, and Marina (p. 2)"
Sam Makes a Splash,Nicole Melleby,iwb,"In which book are siblings compared to Russian dolls, based on their similar appearances?",Sam Makes a Splash by Nicole Melleby (p. 13)
Sam Makes a Splash,Nicole Melleby,iwb,In which book is there a neighbor named Ms. Patel?,Sam Makes a Splash by Nicole Melleby (p. 15)
Sam Makes a Splash,Nicole Melleby,iwb,In which book are there siblings of Syrian descent?,Sam Makes a Splash by Nicole Melleby (p.23)
Sam Makes a Splash,Nicole Melleby,iwb,In which book do they visit the neighborhood called Forked River?,Sam Makes a Splash by Nicole Melleby (p.45)
Sam Makes a Splash,Nicole Melleby,iwb,"In which book does someone declare that they are going to go to culinary school, business school, and play baseball? And who was it?",Sam Makes a Splash by Nicole Melleby (p.46)
Sam Makes a Splash,Nicole Melleby,iwb,"In which book is it stated that it’s a scientific fact that once a kid turns fourteen, they start turning into a grump?",Sam Makes a Splash by Nicole Melleby (p.55)
Sam Makes a Splash,Nicole Melleby,iwb,In which book is there a diner that has been missing the L in their sign that says Daily?,Sam Makes a Splash by Nicole Melleby (p.58)
Sam Makes a Splash,Nicole Melleby,iwb,In which book is there a coupon for Perry’s Golf Course?,Sam Makes a Splash by Nicole Melleby (p.61)
Sam Makes a Splash,Nicole Melleby,iwb,"In which book is someone pee-shy, and who is it?",Sam Makes a Splash by Nicole Melleby (p.65)
Sam Makes a Splash,Nicole Melleby,iwb,In which book is there a dog that likes cucumbers?,Sam Makes a Splash by Nicole Melleby (p.87)
Sam Makes a Splash,Nicole Melleby,iwb,In which book do they make Chicken Cutlets?,Sam Makes a Splash by Nicole Melleby (p.88)
Sam Makes a Splash,Nicole Melleby,iwb,In which book do they make cupcakes that look like bald eagles?,Sam Makes a Splash by Nicole Melleby (p. 94)
Sam Makes a Splash,Nicole Melleby,iwb,In which book does someone add goat cheese to the omelet?,Sam Makes a Splash by Nicole Melleby (p. 123)
Sam Makes a Splash,Nicole Melleby,con,"In Sam Makes a Splash by Nicole Melleby, how long was the Chaparral boat that their Mom was working on?",Forty-Five feet (p. 2)
Sam Makes a Splash,Nicole Melleby,con,"In Sam Makes a Splash by Nicole Melleby, what did the arrival of the Badger Boys mean? ",The beginning of Summer (p. 6)
Sam Makes a Splash,Nicole Melleby,con,"In Sam Makes a Splash by Nicole Melleby, how many feet wide was the lagoon from the end of their dock to the beginning of the Badgers’ dock?",Fifty feet (p. 7)
Sam Makes a Splash,Nicole Melleby,con,"In Sam Makes a Splash by Nicole Melleby, the marshes are a national wildlife refuge and what are two types of birds that call it home?","Ospreys, Egret, or Blue Heron (p.15)"
Sam Makes a Splash,Nicole Melleby,con,"In Sam Makes a Splash by Nicole Melleby, what is the name of the thirteen foot Boston Whaler?",Raggedy Ann (p. 18)
Sam Makes a Splash,Nicole Melleby,con,"In Sam Makes a Splash by Nicole Melleby, what is Pork’s real name?",Pete (p.25)
Sam Makes a Splash,Nicole Melleby,con,"In Sam Makes a Splash by Nicole Melleby, how long has Sam been a member of the Ali- O’Connor family?",Three years (p. 28)
Sam Makes a Splash,Nicole Melleby,con,"In Sam Makes a Splash by Nicole Melleby, what is the name of Mr. Martin’s boat? ",The Lovely Lilah (p. 41)
Sam Makes a Splash,Nicole Melleby,con,"In Sam Makes a Splash by Nicole Melleby, what is the name of the most lively restaurant on the river?",Captain’s Inn (p. 46)
Sam Makes a Splash,Nicole Melleby,con,"In Sam Makes a Splash by Nicole Melleby, what type of animal eats the fiddler crabs? ",The Egrets (p. 53)
Sam Makes a Splash,Nicole Melleby,con,"In Sam Makes a Splash by Nicole Melleby, how much does an ad cost for the biggest square on the mat at the diner?",Seven hundred forty-nine dollars and ninety-five cents (p. 66)
Sam Makes a Splash,Nicole Melleby,con,"In Sam Makes a Splash by Nicole Melleby, where does everyone take their boats on the 4th of July?",Tices Shoal (p. 77)
Sam Makes a Splash,Nicole Melleby,con,"In Sam Makes a Splash by Nicole Melleby, what is the name of the Perezs’ boat?",The Happy Harpoon (p. 95)
Sam Makes a Splash,Nicole Melleby,con,"In Sam Makes a Splash by Nicole Melleby, what is Sam’s grandmother’s room number? ",Room 129 (p.131)
Sam Makes a Splash,Nicole Melleby,con,"In Sam Makes a Splash by Nicole Melleby, Sam’s grandma recites a poem by which poet to Harbor?",John Henry Yates (p. 134)
Sam Makes a Splash,Nicole Melleby,con,"In Sam Makes a Splash by Nicole Melleby, how many flukes were Mr. Martin and Mr. Harris each able to keep?",3 (p. 157)
Solimar: The Sword of the Monarchs,Pam Muñoz Ryan,iwb,In which book is a character forbidden to cross the creek?,Solimar: The Sword of the Monarchs by Pam Muñoz Ryan (p. 3)
Solimar: The Sword of the Monarchs,Pam Muñoz Ryan,iwb,In which book does a character’s grandmother make medicines and potions from plants and herbs?,Solimar: The Sword of the Monarchs by Pam Muñoz Ryan (p. 8)
Solimar: The Sword of the Monarchs,Pam Muñoz Ryan,iwb,In which book does a cat use a green sock as a comfort item?,Solimar: The Sword of the Monarchs by Pam Muñoz Ryan (p. 21)
Solimar: The Sword of the Monarchs,Pam Muñoz Ryan,iwb,In which book is a village known for making beautiful rag dolls?,Solimar: The Sword of the Monarchs by Pam Muñoz Ryan (p. 16)
Solimar: The Sword of the Monarchs,Pam Muñoz Ryan,iwb,In which book can a character predict things that will happen in the near future? ,Solimar: The Sword of the Monarchs by Pam Muñoz Ryan (p. 25)
Solimar: The Sword of the Monarchs,Pam Muñoz Ryan,iwb,In which book does a king seek to make an alliance with eleven other rulers?,Solimar: The Sword of the Monarchs by Pam Muñoz Ryan (p. 36)
Solimar: The Sword of the Monarchs,Pam Muñoz Ryan,iwb,In which book is a large event to celebrate a character’s fifteenth birthday approaching? ,Solimar: The Sword of the Monarchs by Pam Muñoz Ryan (p. 39)
Solimar: The Sword of the Monarchs,Pam Muñoz Ryan,iwb,In which book is it said that the river is so dangerous that only flotsam survives? ,Solimar: The Sword of the Monarchs by Pam Muñoz Ryan (p. 39)
Solimar: The Sword of the Monarchs,Pam Muñoz Ryan,iwb,In which book is there a secret passageway hidden behind a bookshelf?,Solimar: The Sword of the Monarchs by Pam Muñoz Ryan (p. 52)
Solimar: The Sword of the Monarchs,Pam Muñoz Ryan,iwb,In which book is it said that hot chocolate calms the soul?,Solimar: The Sword of the Monarchs by Pam Muñoz Ryan (p. 58)
Solimar: The Sword of the Monarchs,Pam Muñoz Ryan,iwb,In which book does a character drink hot chocolate sprinkled with cayenne pepper? ,Solimar: The Sword of the Monarchs by Pam Muñoz Ryan (p. 59)
Solimar: The Sword of the Monarchs,Pam Muñoz Ryan,iwb,In which book does a type of magic only work in the sunshine?,Solimar: The Sword of the Monarchs by Pam Muñoz Ryan (p. 63)
Solimar: The Sword of the Monarchs,Pam Muñoz Ryan,iwb,"In which book is a character delivered a secret note that says, Don’t eat the pastries?",Solimar: The Sword of the Monarchs by Pam Muñoz Ryan (p. 176)
Solimar: The Sword of the Monarchs,Pam Muñoz Ryan,iwb,In which book is a character meant to change their shoes as part of a birthday ceremony?,Solimar: The Sword of the Monarchs by Pam Muñoz Ryan (p. 74)
Solimar: The Sword of the Monarchs,Pam Muñoz Ryan,iwb,In which book is a character excited to find that their dress was made with pockets? ,Solimar: The Sword of the Monarchs by Pam Muñoz Ryan (p. 77)
Solimar: The Sword of the Monarchs,Pam Muñoz Ryan,iwb,In which book does a character wear a flotation vest filled with the fluffy fibers from the seed pods of kapok trees?,Solimar: The Sword of the Monarchs by Pam Muñoz Ryan (p. 90)
Solimar: The Sword of the Monarchs,Pam Muñoz Ryan,iwb,In which book does a character call themselves a “flume-ologist?”,Solimar: The Sword of the Monarchs by Pam Muñoz Ryan (p. 105)
Solimar: The Sword of the Monarchs,Pam Muñoz Ryan,iwb,In which book does a character make a pair of shoes out of leather and cotton?,Solimar: The Sword of the Monarchs by Pam Muñoz Ryan (p. 113)
Solimar: The Sword of the Monarchs,Pam Muñoz Ryan,iwb,In which book does a character name a raft after their mother?,Solimar: The Sword of the Monarchs by Pam Muñoz Ryan (p. 116)
Solimar: The Sword of the Monarchs,Pam Muñoz Ryan,con,"In Solimar: The Sword of the Monarchs by Pam Muñoz Ryan, what type of bird is Lázaro?",Quetzal (or resplendent quetzal) (p. 2)
Solimar: The Sword of the Monarchs,Pam Muñoz Ryan,con,"In Solimar: The Sword of the Monarchs by Pam Muñoz Ryan, the ancestors of what creature inhabit the oyamel forest?",Monarch butterflies (p. 2)
Solimar: The Sword of the Monarchs,Pam Muñoz Ryan,con,"In Solimar: The Sword of the Monarchs by Pam Muñoz Ryan, what is Solimar’s Abuela’s full name?",Doña Ana Socorro (p. 8)
Solimar: The Sword of the Monarchs,Pam Muñoz Ryan,con,"In Solimar: The Sword of the Monarchs by Pam Muñoz Ryan, what are the first names of Solimar’s parents?",Sebastián and Rosalinda (p. 11)
Solimar: The Sword of the Monarchs,Pam Muñoz Ryan,con,"In Solimar: The Sword of the Monarchs by Pam Muñoz Ryan, what is Solimar’s brother’s given first name, and what is the nickname everyone has called him since he was a toddler? ","Constantino, Campeón (p. 11)"
Solimar: The Sword of the Monarchs,Pam Muñoz Ryan,con,"In Solimar: The Sword of the Monarchs by Pam Muñoz Ryan, what is the name of the massive fair in Puerto Rivera?",El Gran Mercado (p. 12)
Solimar: The Sword of the Monarchs,Pam Muñoz Ryan,con,"In Solimar: The Sword of the Monarchs by Pam Muñoz Ryan, which herb does Abuela need for a medicinal tea that treats headaches and stomach ailments?",Mentha spicata (or spearmint) (p. 13)
Solimar: The Sword of the Monarchs,Pam Muñoz Ryan,con,"In Solimar: The Sword of the Monarchs by Pam Muñoz Ryan, María’s mother was planning on making a pineapple cake for dessert, but changed her mind. What does she decide to make instead?",Orange flan (p. 26)
Solimar: The Sword of the Monarchs,Pam Muñoz Ryan,con,"In Solimar: The Sword of the Monarchs by Pam Muñoz Ryan, what is Solimar’s nickname for Señor Verde?",The Shadow (p. 33)
Solimar: The Sword of the Monarchs,Pam Muñoz Ryan,con,"In Solimar: The Sword of the Monarchs by Pam Muñoz Ryan, what is the name of the ship on which Campeón plans to secretly work as a deckhand?",La Quinta (p. 42)
Solimar: The Sword of the Monarchs,Pam Muñoz Ryan,con,"In Solimar: The Sword of the Monarchs by Pam Muñoz Ryan, what is the full name of the magical folk healer who lives on the shadowy side of the mountain, and what is she more familiarly known as?","Doña Flor Espinoza, la curandera (p. 54)"
Solimar: The Sword of the Monarchs,Pam Muñoz Ryan,con,"In Solimar: The Sword of the Monarchs by Pam Muñoz Ryan, what strong scent does Abuela say helps with remembering?",Eucalyptus (p. 62)
Solimar: The Sword of the Monarchs,Pam Muñoz Ryan,con,"In Solimar: The Sword of the Monarchs by Pam Muñoz Ryan, what drains the strength of the butterflies protected within Solimar’s rebozo?",Answering questions (magically) (p. 63)
Solimar: The Sword of the Monarchs,Pam Muñoz Ryan,con,"In Solimar: The Sword of the Monarchs by Pam Muñoz Ryan, what is Lázaro’s original country of origin?",Guatemala (p. 70)
Solimar: The Sword of the Monarchs,Pam Muñoz Ryan,con,"In Solimar: The Sword of the Monarchs by Pam Muñoz Ryan, what will Solimar’s full title be once she is crowned Princess?",Princess Solimar Socorro Reyes Guadalupe of San Gregorio (p. 74)
Solimar: The Sword of the Monarchs,Pam Muñoz Ryan,con,"In Solimar: The Sword of the Monarchs by Pam Muñoz Ryan, what is the name of the extremely dangerous second waterfall that Solimar must avoid on the river?",El Salto de los Ángeles (or Leap of Angels) (p.92)
Solimar: The Sword of the Monarchs,Pam Muñoz Ryan,con,"In Solimar: The Sword of the Monarchs by Pam Muñoz Ryan, what is the name of the net Berto has engineered over a waterfall?",The Confiscator (p. 99)
Solimar: The Sword of the Monarchs,Pam Muñoz Ryan,con,"In Solimar: The Sword of the Monarchs by Pam Muñoz Ryan, how long ago did Berto’s father die?",Five years ago (p. 119)
Solimar: The Sword of the Monarchs,Pam Muñoz Ryan,con,"In Solimar: The Sword of the Monarchs by Pam Muñoz Ryan, the final cavern of the labyrinth cave is filled with what animal?",Bats (p. 141)
Solimar: The Sword of the Monarchs,Pam Muñoz Ryan,con,"In Solimar: The Sword of the Monarchs by Pam Muñoz Ryan, who switches places with King Sebastián to pose as king for their escape?",Arturo (p. 169)
The Mystwick School of Musicraft,Jessica Khoury,iwb,In which book does a character’s mother die when they are only four years old?,The Mystwick School of Musicraft by Jessica Khoury (p. 11)
The Mystwick School of Musicraft,Jessica Khoury,iwb,In which book does a newspaper headline read Tokyo Philharmonic Staves Off Deadly Typhoon?,The Mystwick School of Musicraft by Jessica Khoury (p. 14)
The Mystwick School of Musicraft,Jessica Khoury,iwb,"In which book does a character find out their mother did not die in a car crash, as they had always been told?",The Mystwick School of Musicraft by Jessica Khoury (p. 52)
The Mystwick School of Musicraft,Jessica Khoury,iwb,In which book is a character given a piece of grape chewing gum in case of motion sickness?,The Mystwick School of Musicraft by Jessica Khoury (p. 61)
The Mystwick School of Musicraft,Jessica Khoury,iwb,In which book is there a magical cat named Wynk?,The Mystwick School of Musicraft by Jessica Khoury (p. 83)
The Mystwick School of Musicraft,Jessica Khoury,iwb,In which book does a character get mistaken for another student with the exact same name?,The Mystwick School of Musicraft by Jessica Khoury (p. 84)
The Mystwick School of Musicraft,Jessica Khoury,iwb,In which book is a wooden whistle with three holes actually a key?,The Mystwick School of Musicraft by Jessica Khoury (p. 96)
The Mystwick School of Musicraft,Jessica Khoury,iwb,In which book does a character find a book in the library that their mother checked out seven times?,The Mystwick School of Musicraft by Jessica Khoury (p. 138)
The Mystwick School of Musicraft,Jessica Khoury,iwb,In which book is the school’s main auditorium called “The Shell?”,The Mystwick School of Musicraft by Jessica Khoury (p. 141)
The Mystwick School of Musicraft,Jessica Khoury,iwb,In which book is there a lake called Orpheus Lake?,The Mystwick School of Musicraft by Jessica Khoury (p. 159)
The Mystwick School of Musicraft,Jessica Khoury,iwb,In which book does a character steal someone’s cat as a trade?,The Mystwick School of Musicraft by Jessica Khoury (p. 231)
The Mystwick School of Musicraft,Jessica Khoury,iwb,In which book do characters get trapped by magical trees?,The Mystwick School of Musicraft by Jessica Khoury (p. 272)
The Mystwick School of Musicraft,Jessica Khoury,iwb,In which book does a character have an important test on Halloween?,The Mystwick School of Musicraft by Jessica Khoury (p. 286)
The Mystwick School of Musicraft,Jessica Khoury,iwb,In which book is there a tornado made up entirely of ghosts?,The Mystwick School of Musicraft by Jessica Khoury (p. 309)
The Mystwick School of Musicraft,Jessica Khoury,iwb,In which book is a character brought back from the dead?,The Mystwick School of Musicraft by Jessica Khoury (p. 321)
The Mystwick School of Musicraft,Jessica Khoury,iwb,In which book does a character’s grandmother forget her email password?,The Mystwick School of Musicraft by Jessica Khoury (p. 354)
The Mystwick School of Musicraft,Jessica Khoury,con,"In The Mystwick School of Musicraft by Jessica Khoury, what is the first rule of Musicraft?","A spell can charm or do great harm. Before you play, clear the way. (p. 2)"
The Mystwick School of Musicraft,Jessica Khoury,con,"In The Mystwick School of Musicraft by Jessica Khoury, what is Amelia’s Mystwick School audition number?",242 (p. 19)
The Mystwick School of Musicraft,Jessica Khoury,con,"In The Mystwick School of Musicraft by Jessica Khoury, what song is the simple drying spell Amelia tries to use to clean up the grape juice she spilled before her audition?",The Itsy-Bitsy Spider (p. 22)
The Mystwick School of Musicraft,Jessica Khoury,con,"In The Mystwick School of Musicraft by Jessica Khoury, which two instruments does Jai’s dad believe are not serious enough?",Sax (or saxophone) and guitar (p. 26)
The Mystwick School of Musicraft,Jessica Khoury,con,"In The Mystwick School of Musicraft by Jessica Khoury, what kind of vehicle picks Amelia up for her first day of school?",A zeppelin (p. 60)
The Mystwick School of Musicraft,Jessica Khoury,con,"In The Mystwick School of Musicraft by Jessica Khoury, how many people in the world are licensed to teleport anything bigger than a refrigerator?",16 (p. 65)
The Mystwick School of Musicraft,Jessica Khoury,con,"In The Mystwick School of Musicraft by Jessica Khoury, name two of the four teacher Maestros of Mystwick School of Musicraft.","(Any two) Miss Noorani, Mr. Walters, Miss Becker, Mr. Pinwhistle (p. 81-82)"
The Mystwick School of Musicraft,Jessica Khoury,con,"In The Mystwick School of Musicraft by Jessica Khoury, what is the full name of the Headmaestro of Mystwick?",Euphonia Le Roux (p. 83)
The Mystwick School of Musicraft,Jessica Khoury,con,"In The Mystwick School of Musicraft by Jessica Khoury, what song does Amelia play at the edge of the Echo Wood on her first day at Mystwick?",Pachelbel’s Canon in D (p. 89)
The Mystwick School of Musicraft,Jessica Khoury,con,"In The Mystwick School of Musicraft by Jessica Khoury, what are the only two ways to leave Mystwick for good?",Either by graduating or being expelled (p. 93)
The Mystwick School of Musicraft,Jessica Khoury,con,"In The Mystwick School of Musicraft by Jessica Khoury, what is Darby’s actual first name?",Hamako (p. 101)
The Mystwick School of Musicraft,Jessica Khoury,con,"In The Mystwick School of Musicraft by Jessica Khoury, what is the name for all the students who play woodwind instruments?",Aeros (p. 127)
The Mystwick School of Musicraft,Jessica Khoury,con,"In The Mystwick School of Musicraft by Jessica Khoury, what four colors represent different kinds of spells?","Green, yellow, blue, white (p. 130)"
The Mystwick School of Musicraft,Jessica Khoury,con,"In The Mystwick School of Musicraft by Jessica Khoury, who is the school nurse, the librarian, and the dean of students?",Miss March (p. 157)
The Mystwick School of Musicraft,Jessica Khoury,con,"In The Mystwick School of Musicraft by Jessica Khoury, what is the name for the metal staples clamped onto the ears of musicians who use magic for evil purposes?",Bars (p. 179)
The Mystwick School of Musicraft,Jessica Khoury,con,"In The Mystwick School of Musicraft by Jessica Khoury, what is the name of the school rock club?",Rebel Clef (p. 215)
The Mystwick School of Musicraft,Jessica Khoury,con,"In The Mystwick School of Musicraft by Jessica Khoury, what is Amelia’s dad’s full name?",Eric Neal (p. 237)
The Mystwick School of Musicraft,Jessica Khoury,con,"In The Mystwick School of Musicraft by Jessica Khoury, what is the name of Amelia’s favorite opera?",The Magic Flute (p. 295)
The Mystwick School of Musicraft,Jessica Khoury,con,"In The Mystwick School of Musicraft by Jessica Khoury, what is Amelia’s actual middle name?",Grace (p. 334)
The Name of This Book Is Secret,Pseudonymous Bosch,iwb,In which book is Chapter One made up of nothing but repetitions of the letter X periodically separated by spaces and punctuation?,The Name of This Book Is Secret by Pseudonymous Bosch (p. 2)
The Name of This Book Is Secret,Pseudonymous Bosch,iwb,In which book does an ornate wooden box have inside a small brass plaque with the words: The Symphony of Smells?,The Name of This Book Is Secret by Pseudonymous Bosch (p. 23)
The Name of This Book Is Secret,Pseudonymous Bosch,iwb,In which book does a character cut every hair on their head the exact same length because they didn’t like to favor one hair over another?,The Name of This Book Is Secret by Pseudonymous Bosch (p. 27)
The Name of This Book Is Secret,Pseudonymous Bosch,iwb,In which book are the parents of a newborn so bitter and angry in their disagreement over choosing their baby’s name that they got a divorce as soon as they left the hospital with the baby?,The Name of This Book Is Secret by Pseudonymous Bosch (p. 30)
The Name of This Book Is Secret,Pseudonymous Bosch,iwb,In which book does a character practice lying by telling their mother that “they don’t have plates in Thailand?”,The Name of This Book Is Secret by Pseudonymous Bosch (p. 51)
The Name of This Book Is Secret,Pseudonymous Bosch,iwb,"In which book do divorced parents believe that every child should be raised with two parents in the house, so they live in separate halves of a house that has been split down the middle?",The Name of This Book Is Secret by Pseudonymous Bosch (p. 56)
The Name of This Book Is Secret,Pseudonymous Bosch,iwb,In which book do we read most of the story of “La Storia della Mia Vida” about two fraternal twins who were born in Italy and then sent to America together to escape Benito Mussolini?,The Name of This Book Is Secret by Pseudonymous Bosch (p. 125)
The Name of This Book Is Secret,Pseudonymous Bosch,iwb,"In which book is synesthesia, the condition of sounds and colors and sounds all mixed up in one’s head, an important element?",The Name of This Book Is Secret by Pseudonymous Bosch (p. 134)
The Name of This Book Is Secret,Pseudonymous Bosch,iwb,In which book does a circus Ringmaster try to sell a pair of ten-year-old twins to a stranger for a few dollars?,The Name of This Book Is Secret by Pseudonymous Bosch (p. 141)
The Name of This Book Is Secret,Pseudonymous Bosch,iwb,In which book does a character send the school principal information about a missing student using a ransom note instead of a standard tip-off note from a concerned citizen?,The Name of This Book Is Secret by Pseudonymous Bosch (p. 164)
The Name of This Book Is Secret,Pseudonymous Bosch,iwb,"In which book does the author assert that school subjects like math, English, and history are unnecessary in life, but Egyptology comes in handy time after time?",The Name of This Book Is Secret by Pseudonymous Bosch (p. 183)
The Name of This Book Is Secret,Pseudonymous Bosch,iwb,In which book is a character told by a doctor to practice having feelings? To name and then sit with his feelings for a while?,The Name of This Book Is Secret by Pseudonymous Bosch (p. 195)
The Name of This Book Is Secret,Pseudonymous Bosch,iwb,In which book were evil alchemists searching for the secret of everlasting,The Name of This Book Is Secret by Pseudonymous Bosch (p. 289)
The Name of This Book Is Secret,Pseudonymous Bosch,con,"In The Name of This Book Is Secret by Pseudonymous Bosch, the author wants the real location of the story to remain a mystery, so where does he ask the reader to imagine the story takes place?","“Your Hometown,” or the place that you live in. (p. 7)"
The Name of This Book Is Secret,Pseudonymous Bosch,con,"In The Name of This Book Is Secret by Pseudonymous Bosch, Cass has a distinguishing physical feature. What is it?","She has rather large, pointy ears. (p. 11)"
The Name of This Book Is Secret,Pseudonymous Bosch,con,"In The Name of This Book Is Secret by Pseudonymous Bosch, while Cass is being introduced we learn her two word motto. What is it?",Be Prepared (p.12)
The Name of This Book Is Secret,Pseudonymous Bosch,con,"In The Name of This Book Is Secret by Pseudonymous Bosch, Max-Ernest repeatedly poses this riddle: What is not enough for one, just right for two, and too much for three? What is the answer?",A Secret (p. 26)
The Name of This Book Is Secret,Pseudonymous Bosch,con,"In The Name of This Book Is Secret by Pseudonymous Bosch, what is the secret word necessary to use the elevator in the magician’s house?",Please (p. 65)
The Name of This Book Is Secret,Pseudonymous Bosch,con,"In The Name of This Book Is Secret by Pseudonymous Bosch, Max-Ernest defines an anagram for Cassie. What is an anagram?",“It’s when two words have all the same letters but in a different order.” (p. 85)
The Name of This Book Is Secret,Pseudonymous Bosch,con,"In The Name of This Book Is Secret by Pseudonymous Bosch, whose private office created the illusion of infinitely expanding space with many reflecting panels of mirrors on the walls and ceiling?",Ms. Mauvais (p. 215)
The Name of This Book Is Secret,Pseudonymous Bosch,con,"In The Name of This Book Is Secret by Pseudonymous Bosch, Ms. Mauvais suggests that Cass get cosmetic surgery to change her appearance. What body part does Ms. Mauvais reference?",Cass’ ears (p. 216)
The Name of This Book Is Secret,Pseudonymous Bosch,con,"In The Name of This Book Is Secret by Pseudonymous Bosch, Max-Ernest tells Cass that Dr. L will cure his condition with a lobotomy using a straw entering through what body part to reach his brain?",His nose (p. 223)
The Name of This Book Is Secret,Pseudonymous Bosch,con,"In The Name of This Book Is Secret by Pseudonymous Bosch, Ms. Mauvais rips off her long white glove after Cass spills the contents of a wine glass upon it. What is everyone shocked to see?","The ungloved hand of a very old woman [thin and frail fingers, nails yellow and cracked, and skin so translucent you could see bones, ligaments and veins]. (p. 236)"
The Name of This Book Is Secret,Pseudonymous Bosch,con,"In The Name of This Book Is Secret by Pseudonymous Bosch, what did all the many guests waiting for admittance to the pyramid have in common?",They were all wearing gloves. (p. 264)
The Name of This Book Is Secret,Pseudonymous Bosch,con,"In The Name of This Book Is Secret by Pseudonymous Bosch, Max-Ernest could not swim and was afraid to cross the moat to the pyramid. Why didn’t he drown?",The water was only waist deep and they could wade across. (p. 291)
The Name of This Book Is Secret,Pseudonymous Bosch,con,"In The Name of This Book Is Secret by Pseudonymous Bosch, the book ends with a coded letter inviting Cass and Max-Ernest to become members of the Terces Society. The letter is signed “with the greatest admiration and respect, P.B.” Who is P.B.?","The missing magician, and twin brother to Dr.L, Pietro Bergamo (p. 351 and p. 124)"
The Wild Robot,Peter Brown,iwb,In which book is there a robot graveyard?,The Wild Robot by Peter Brown (p. 4)
The Wild Robot,Peter Brown,iwb,In which book does an otter push an important button with its paw?,The Wild Robot by Peter Brown (p. 6)
The Wild Robot,Peter Brown,iwb,In which book is a character compared to a hatchling breaking from a shell?,The Wild Robot by Peter Brown (p. 8)
The Wild Robot,Peter Brown,iwb,In which book does a character tumble into a mudslide during a big storm?,The Wild Robot by Peter Brown (p. 28)
The Wild Robot,Peter Brown,iwb,"In which book does a character camouflage themself with dirt, sticks, twigs, ferns, leaves and flowers?",The Wild Robot by Peter Brown (p. 42)
The Wild Robot,Peter Brown,iwb,In which book does someone learn the languages of many different kinds of animals by observing them while they are camouflaged?,The Wild Robot by Peter Brown (p. 48)
The Wild Robot,Peter Brown,iwb,In which book does someone accidentally kill a family of geese?,The Wild Robot by Peter Brown (p. 58)
The Wild Robot,Peter Brown,iwb,In which book does a beaver reprimand another beaver for being stubborn and rude?,The Wild Robot by Peter Brown (p. 80)
The Wild Robot,Peter Brown,iwb,In which book does a character ask all of the animals to defecate (poop) in their garden?,The Wild Robot by Peter Brown (p. 93)
The Wild Robot,Peter Brown,iwb,In which book does a goose become a flying fanatic?,The Wild Robot by Peter Brown (p. 117)
The Wild Robot,Peter Brown,iwb,In which book does a bear give a character a ride home on her back? ,The Wild Robot by Peter Brown (p. 147)
The Wild Robot,Peter Brown,iwb,In which book does a character lose their foot and get a replacement wooden foot? ,The Wild Robot by Peter Brown (p. 154)
The Wild Robot,Peter Brown,iwb,In which book does a character welcome animals to join them during the winter to stay warm by the fire?,The Wild Robot by Peter Brown (p. 178)
The Wild Robot,Peter Brown,iwb,"In which book does a character notice that the wilder they acted, the more the animals liked the character?",The Wild Robot by Peter Brown (p. 200)
The Wild Robot,Peter Brown,iwb,In which book does a character discover a factory where robots are built?,The Wild Robot by Peter Brown (p. 210)
The Wild Robot,Peter Brown,iwb,In which book do a son and his adopted mother spend the winter apart?,The Wild Robot by Peter Brown (p. 209)
The Wild Robot,Peter Brown,iwb,In which book do animals save their friend while others are attempting to capture the friend?,The Wild Robot by Peter Brown (p. 236)
The Wild Robot,Peter Brown,iwb,"In which book does a character devise a plan on an airship to get the repairs they need, escape, and find their way back home?",The Wild Robot by Peter Brown (p. 269)
The Wild Robot,Peter Brown,con,"In The Wild Robot by Peter Brown, where does the story begin?",On the ocean (p. 1)
The Wild Robot,Peter Brown,con,"In The Wild Robot by Peter Brown, how many crates from the cargo ship survive the hurricane initially?",Five (p. 1)
The Wild Robot,Peter Brown,con,"In The Wild Robot by Peter Brown, what kind of animals open the crate with the robot in it? ",Otters (p. 5)
The Wild Robot,Peter Brown,con,"In The Wild Robot by Peter Brown, what is the robot’s full name and number?",ROZZUM unit 7134 (p. 7)
The Wild Robot,Peter Brown,con,"In The Wild Robot by Peter Brown, what kind of an animal does Roz mimic to climb the cliffs?",Crab (p. 14)
The Wild Robot,Peter Brown,con,"In The Wild Robot by Peter Brown, what kind of animals does Roz awaken when she steps into a cave after the storm?",Bears (p. 34)
The Wild Robot,Peter Brown,con,"In The Wild Robot by Peter Brown, what is the hour each morning called when all the island animals are safe?",The Dawn Truce (p. 49)
The Wild Robot,Peter Brown,con,"In The Wild Robot by Peter Brown, name two of the animals Roz meets during the Dawn Truce by name and type?","Swooper the owl, Dart the weasel, Digdown the groundhog, Fink the fox (p. 50)"
The Wild Robot,Peter Brown,con,"In The Wild Robot by Peter Brown, when Roz plummets off the side of the cliff, who does she land on?",A family of geese (p. 58)
The Wild Robot,Peter Brown,con,"In The Wild Robot by Peter Brown, what are two of the facts Roz retrieves about opossums?","They’re marsupials, they’re nocturnal, they mimic the appearance and/or smell of dead animals when threatened. (p. 66)"
The Wild Robot,Peter Brown,con,"In The Wild Robot by Peter Brown, what name is given to the surviving gosling after it hatches?",Brightbill (p. 76)
The Wild Robot,Peter Brown,con,"In The Wild Robot by Peter Brown, who builds a lodge for Roz and Brightbill?",Beavers (p. 84)
The Wild Robot,Peter Brown,con,"In The Wild Robot by Peter Brown, what does Roz name her lodge?",The Nest (p. 88)
The Wild Robot,Peter Brown,con,"In The Wild Robot by Peter Brown, what does Chitchat tell Brightbill that a squirrel nest is called?",A drey (p. 110)
The Wild Robot,Peter Brown,con,"In The Wild Robot by Peter Brown, why were the other goslings making fun of Brightbill?",His mother is a robot (or: His mother is a monster) (p. 123)
The Wild Robot,Peter Brown,con,"In The Wild Robot by Peter Brown, why can’t Roz touch the button on her head?",Her hands automatically stop before they reach the button. (p. 135)
The Wild Robot,Peter Brown,con,"In The Wild Robot by Peter Brown, what are the names of the bears that attack Roz?",Nettle and Thorn (p. 141)
The Wild Robot,Peter Brown,con,"In The Wild Robot by Peter Brown, who is the first animal to join Roz in the lodge by the fire during the winter?",Chitchat the squirrel (p. 177)
The Wild Robot,Peter Brown,con,"In The Wild Robot by Peter Brown, what kind of animal does Roz save from the second lodge that catches on fire?",A hare (p. 186)
The Wild Robot,Peter Brown,con,"In The Wild Robot by Peter Brown, how many winters has Crag the turtle seen?",93 (p. 191)
The Wild Robot,Peter Brown,con,"In The Wild Robot by Peter Brown, why is Rockmouth angry at the beavers?",He was trapped in the pond when the beavers built their dam. (p. 198)
The Wild Robot,Peter Brown,con,"In The Wild Robot by Peter Brown, where do the geese stay when they are unexpectedly caught in a snowstorm on their flight south?",In a greenhouse on a farm. (p. 206)
The Wild Robot,Peter Brown,con,"In The Wild Robot by Peter Brown, how does Roz commemorate the one-year anniversary of her arrival on the island?",Party/celebration for her animal friends (p. 217)
The Wild Robot,Peter Brown,con,"In The Wild Robot by Peter Brown, what word is etched on the three robots on the airship that flies over the island?",RECO (p. 223)
The Wild Robot,Peter Brown,con,"In The Wild Robot by Peter Brown, according to the RECO robots, who does Roz belong to?",TechLab Industries (p. 227)
The Wild Robot,Peter Brown,con,"In The Wild Robot by Peter Brown, how is RECO 3 destroyed?",By the kicks of Broadfoot the bull moose (p. 234)
The Wild Robot,Peter Brown,con,"In The Wild Robot by Peter Brown, how is RECO 2 finally destroyed after its battle with the bears?",It falls over a waterfall (p. 242)
The Wild Robot,Peter Brown,con,"In The Wild Robot by Peter Brown, how is RECO 1 destroyed?",He is shot by the geese (p. 255)
The Wild Robot,Peter Brown,con,"In The Wild Robot by Peter Brown, after the battle with the RECOs, what body parts is Roz missing?",Her arms and legs (p. 258)
The Wild Robot,Peter Brown,con,"In The Wild Robot by Peter Brown, when Roz gathers the animals after the battle with the RECOs for the Dawn Truce, what does she tell them she has decided?",She will leave the island so she can protect her island friends from more danger (p. 261)
The Wild Robot,Peter Brown,con,"In The Wild Robot by Peter Brown, who does the author think robots have some things in common with?",Wild animals (p. 272)
Thirst,Varsha Bajaj,iwb,In which book is a story told about King John of Portugal giving away a city as a dowry for his daughter’s marriage to King Charles II of England?,Thirst by Varsha Bajaj (p. 17)
Thirst,Varsha Bajaj,iwb,In which book does one character dream of being a star chef with their own TV show? ,Thirst by Varsha Bajaj (p. 9)
Thirst,Varsha Bajaj,iwb,"In which book is there a saying “If you invite trouble, it will come. It will stay for chai and for dinner.”",Thirst by Varsha Bajaj (p. 5)
Thirst,Varsha Bajaj,iwb,In which book do a brother and sister use a notebook to share secrets at night? ,Thirst by Varsha Bajaj (p. 28)
Thirst,Varsha Bajaj,iwb,In which book are two friends sent to a farm in the country to get away from trouble?,Thirst by Varsha Bajaj (p. 32)
Thirst,Varsha Bajaj,iwb,In which book does someone notice a flyer that says “Water is life. Stealing water is a crime.”,Thirst by Varsha Bajaj (p. 41)
Thirst,Varsha Bajaj,iwb,In which book does a character get teased that okra is their favorite vegetable? ,Thirst by Varsha Bajaj (p. 44)
Thirst,Varsha Bajaj,iwb,In which book does a character conquer their fear by climbing a rickety ladder to the roof?,Thirst by Varsha Bajaj (p. 59)
Thirst,Varsha Bajaj,iwb,In which book does a character learn from a security guard that their mother thinks they are as smart as her mother’s sister?,Thirst by Varsha Bajaj (p. 66)
Thirst,Varsha Bajaj,iwb,In which book does a character celebrate not getting fired from their first day on the job?,Thirst by Varsha Bajaj (p. 74)
Thirst,Varsha Bajaj,iwb,In which book does a character learn the day before about an important practice exam?,Thirst by Varsha Bajaj (p. 102)
Thirst,Varsha Bajaj,iwb,In which book do two characters share a bowl of noodles while they study for the same exam?,Thirst by Varsha Bajaj (p. 109)
Thirst,Varsha Bajaj,iwb,In which book do two characters hope that a stolen photograph will alert the police to the leader of a crime ring?,Thirst by Varsha Bajaj (p. 157)
Thirst,Varsha Bajaj,con,"In Thirst by Varsha Bajaj a character chooses what color to paint the family house?",Yellow (p. 2)
Thirst,Varsha Bajaj,con,"In Thirst by Varsha Bajaj, a mango is given as a thank you gift. What for? ",Combing and braiding Pinky’s hair (p. 10)
Thirst,Varsha Bajaj,con,"In Thirst by Varsha Bajaj, we learn that Bombay was made up of how many disconnected islands?",Seven (p. 18)
Thirst,Varsha Bajaj,con,"In Thirst by Varsha Bajaj, the room a brother and sister share is filled with photographs from magazines. What are the photographs of?",Mouthwatering foods and beautiful beaches (p. 38)
Thirst,Varsha Bajaj,con,"In Thirst by Varsha Bajaj, a character’s mother teaches them how to make what?",Rotis (p. 52)
Thirst,Varsha Bajaj,con,"In Thirst by Varsha Bajaj, a character is told not to go into a certain room because of who lives there. Who is it?",Anita Ma’am’s mother-in-law (p. 69)
Thirst,Varsha Bajaj,con,"In Thirst by Varsha Bajaj, two characters get into trouble for playing a card game together. What is the name of the card game?",Uno (p. 80)
Thirst,Varsha Bajaj,con,"In Thirst by Varsha Bajaj, a character wins a scholarship for a special kind of class. What is the class and when does it meet?",Computer class and it meets on Sundays (p. 86)
Thirst,Varsha Bajaj,con,"In Thirst by Varsha Bajaj, a character recognizes something about someone’s father, and drops what they are holding. What did they recognize and what did they drop?","The man’s voice, a bowl of pudding (p. 136)"
Thirst,Varsha Bajaj,con,"In Thirst by Varsha Bajaj, a character is often late for school and gets in trouble. Their teacher makes a suggestion that might help, what is it?",To boil their water at night (p. 132)
Thirst,Varsha Bajaj,con,"In Thirst by Varsha Bajaj,a character suggests adding something to the rotis to make them softer. What is it?",oil (p. 127)
Thirst,Varsha Bajaj,con,"In Thirst by Varsha Bajaj,a character’s mother is diagnosed with a disease that she got from drinking water that was not boiled. What is the disease?",Hepatitis A (p. 160)
Thirst,Varsha Bajaj,con,"In Thirst by Varsha Bajaj, a character loses their job and starts their own business. What is the business selling and what is its name?",Rotis. Rohini’s Rotis (p. 172)
Twins,Varian Johnson and Shannon Wright,iwb,In which book does a character have first lunch as part of their middle school schedule?,Twins by Varian Johnson and Shannon Wright (p. 6)
Twins,Varian Johnson and Shannon Wright,iwb,"In which book do certain lunch tables have nicknames like “Ribbon Ravine,” “Jock Mountain,” and “Valley of Burps & Smells?”",Twins by Varian Johnson and Shannon Wright (p. 21-22)
Twins,Varian Johnson and Shannon Wright,iwb,In which book does a character eat lunch in the library alone at the beginning of sixth grade?,Twins by Varian Johnson and Shannon Wright (p. 24)
Twins,Varian Johnson and Shannon Wright,iwb,In which book is there a class where students can earn a higher rank throughout the year?,Twins by Varian Johnson and Shannon Wright (p. 27)
Twins,Varian Johnson and Shannon Wright,iwb,In which book does a character have an older half brother out of college who has their own apartment?,Twins by Varian Johnson and Shannon Wright (p. 40)
Twins,Varian Johnson and Shannon Wright,iwb,In which book is a character offered extra credit for running for student council? ,Twins by Varian Johnson and Shannon Wright (p. 61)
Twins,Varian Johnson and Shannon Wright,iwb,In which book is a character’s favorite restaurant The Wonderful World of Waffles? ,Twins by Varian Johnson and Shannon Wright (p. 94)
Twins,Varian Johnson and Shannon Wright,iwb,In which book does a coin-flip determine which bedrooms two characters get to sleep in?,Twins by Varian Johnson and Shannon Wright (p. 116)
Twins,Varian Johnson and Shannon Wright,iwb,In which book are there two teddy bears named Venus and Serena? ,Twins by Varian Johnson and Shannon Wright (p. 120)
Twins,Varian Johnson and Shannon Wright,iwb,In which book does a character think that sixth graders should be buddied up with older students at the beginning of middle school?,Twins by Varian Johnson and Shannon Wright (p. 131)
Twins,Varian Johnson and Shannon Wright,iwb,In which book does a character tell someone else’s secret to someone in their gym class?,Twins by Varian Johnson and Shannon Wright (p. 160)
Twins,Varian Johnson and Shannon Wright,iwb,In which book does a character join Color Guard?,Twins by Varian Johnson and Shannon Wright (p. 245)
Twins,Varian Johnson and Shannon Wright,con,"In Twins by Varian Johnson and Shannon Wright, what is the name of the twins’ new middle school?",O’Connor Middle School (p. 1)
Twins,Varian Johnson and Shannon Wright,con,"In Twins by Varian Johnson and Shannon Wright, which twin is the talker, and which twin is the thinker?","Francine is the talker, Maureen is the thinker (p. 8)"
Twins,Varian Johnson and Shannon Wright,con,"In Twins by Varian Johnson and Shannon Wright, name two of the three classes the twins have together.","Advisory, science, language arts (p. 9)"
Twins,Varian Johnson and Shannon Wright,con,"In Twins by Varian Johnson and Shannon Wright, which twin is 1⁄4 inch shorter?",Maureen (p. 10)
Twins,Varian Johnson and Shannon Wright,con,"In Twins by Varian Johnson and Shannon Wright, who is the twins’ advisory teacher?",Mrs. Barbosa (p. 17)
Twins,Varian Johnson and Shannon Wright,con,"In Twins by Varian Johnson and Shannon Wright, what is the name and rank of Maureen’s Youth Cadet Corps instructor?",Master Sergeant Lucinda Fields (p. 27)
Twins,Varian Johnson and Shannon Wright,con,"In Twins by Varian Johnson and Shannon Wright, what is Francine’s favorite class after the first day of sixth grade?",Chorus (p. 30)
Twins,Varian Johnson and Shannon Wright,con,"In Twins by Varian Johnson and Shannon Wright, Francine is how much older than Maureen? ",Two minutes (p. 36)
Twins,Varian Johnson and Shannon Wright,con,"In Twins by Varian Johnson and Shannon Wright, according to Francine and Maureen’s dad, who is the “fifth gear” in their group of friends?",Monique (p. 50)
Twins,Varian Johnson and Shannon Wright,con,"In Twins by Varian Johnson and Shannon Wright, what student council position do Maureen and Francine both run for?",President (p. 81)
Twins,Varian Johnson and Shannon Wright,con,"In Twins by Varian Johnson and Shannon Wright, what is the name of the store where the salesperson is rude to Maureen and her friends?",Mercy Danger (p. 92)
Twins,Varian Johnson and Shannon Wright,con,"In Twins by Varian Johnson and Shannon Wright, how long do Francine and Maureen have to live in separate rooms?","Two weeks, or until the election is over (p. 115)"
Twins,Varian Johnson and Shannon Wright,con,"In Twins by Varian Johnson and Shannon Wright, what topic does Master Sergeant always put on the first exam?",Military history (p. 129)
Twins,Varian Johnson and Shannon Wright,con,"In Twins by Varian Johnson and Shannon Wright, what is the name of the seventh grade class president?",Rhonda (p. 131)
Twins,Varian Johnson and Shannon Wright,con,"In Twins by Varian Johnson and Shannon Wright, who tips off Maureen that her sister is being tutored after school?",Monique (p. 202)
Twins,Varian Johnson and Shannon Wright,con,"In Twins by Varian Johnson and Shannon Wright, which twin wins the student council election?",Francine (p. 238)
Twins,Varian Johnson and Shannon Wright,con,"In Twins by Varian Johnson and Shannon Wright, who is Maureen’s seventh grade buddy? ",Bryce (p. 246)